SEG_ID	Doc	Source	Tagged_Source	Target	MT	Tagged_Target	Error Category	Severity	Annotator_ID
1	doc78	Improvements in medical technologies have seen over-medicalization of childbirth.		Las mejoras en las tecnologías médicas han visto una sobremedicalización del parto.		Las mejoras en las tecnologías médicas han visto una <tag>sobremedicalización del</tag> parto.	Terminology - Wrong term	Minor	None
2	doc78	Caesarean section (CS) is a lifesaving procedure proven effective in reducing maternal and perinatal mortality across the globe.		La cesárea es un procedimiento que salva vidas y ha demostrado su eficacia en la reducción de la mortalidad materna y perinatal en todo el mundo.					None
3	doc78	However, as with any medical procedure, the CS intrinsically carries some risk to its beneficiaries.		Sin embargo, al igual que cualquier procedimiento médico, la cesárea conlleva ciertos riesgos intrínsecos para quienes se benefician con ella.					None
4	doc78	In recent years, CS rates have risen alarmingly in high-income countries.		En los últimos años, las tasas de cesáreas han aumentado alarmantemente en los países de altos ingresos.					None
5	doc78	Many exceeding the World Health Organisation (WHO) recommendation of a 10 to 15% annual CS rate.		Muchos superan la recomendación de la Organización Mundial de la Salud (OMS), que es una tasa anual del 10 al 15 %.		Muchos superan la recomendación de la Organización Mundial de la Salud (OMS), <tag>que es</tag> una tasa anual del 10 al 15 %.	Terminology - Inconsistent use of terminology	Minor	None
6	doc78	While this situation poses an increased risk to women and their children, it also represents an excess human and financial burden on health systems.		Si bien esta situación plantea un mayor riesgo para las mujeres y sus hijos, también representa una sobrecarga humana y financiera para los sistemas de salud.					None
7	doc78	Therefore, from a health system perspective this study systematically summarizes existing evidence relevant to the factors driving the phenomenon of increasing CS rates using Italy as a case study.		Por lo tanto, desde la perspectiva de los sistemas de salud, este estudio resume sistemáticamente la evidencia actual sobre los factores que impulsan el fenómeno del aumento de las tasas de cesáreas, utilizando a Italia como caso de estudio.					None
8	doc78	Employing the WHO Health System Framework (WHOHSF), this systematic review used the PRISMA guidelines to report findings.		Empleando el Marco del Sistema de Salud de la OMS (WHOHSF), esta revisión sistemática utilizó las directrices PRISMA para informar los hallazgos.					None
9	doc78	PubMed, SCOPUS, MEDLINE, Cochrane Library and Google Scholar databases were searched up until April 1, 2020.		Se realizaron búsquedas en las bases de datos PubMed, SCOPUS, MEDLINE, Cochrane Library y Google Scholar hasta el 1 de abril de 2020.					None
10	doc78	Findings were organised through the six dimensions of the WHOHSF framework: service delivery, health workforce, health system information; medical products vaccine and technologies, financing; and leadership and governance.		Los resultados se organizaron en torno a las seis dimensiones del marco WHOHSF: prestación de servicios, personal de salud, información sobre el sistema de salud, productos médicos, vacunas y tecnologías, financiación, y liderazgo y gobernanza.					None
11	doc78	CS rates in Italy are affected by complex interactions among several stakeholder groups and contextual factors such as the hyper-medicalisation of delivery, differences in policy and practice across units and the national context, issues pertaining to the legal and social environment, and women's attitudes towards pregnancy and childbirth.		Las tasas de cesárea en Italia se ven afectadas por interacciones complejas entre varios grupos de partes interesadas y factores contextuales, como la hipermedicalización del parto, las diferencias en las políticas y prácticas entre las unidades y el contexto nacional, cuestiones relacionadas con el entorno legal y social, y las actitudes de las mujeres hacia el embarazo y el parto.		Las tasas de cesárea en Italia se ven afectadas por interacciones complejas entre varios grupos de partes interesadas y factores contextuales, como la <tag>hipermedicalización</tag> del parto, las diferencias en las políticas y prácticas entre las unidades y el contexto nacional, cuestiones relacionadas con el entorno legal y social, y las actitudes de las mujeres hacia el embarazo y el parto.	Style - Non-fluent	Major	None
12	doc78	Mitigating the high rates of CS will require a synergistic multi-stakeholder intervention.		Mitigar las altas tasas de cesáreas requerirá una intervención sinérgica de múltiples partes interesadas.					None
13	doc78	Specifically, with processes able to attract the official endorsement of policy makers, encourage concensus between regional authorities and local governments and guide the systematic compliance of delivery units with its clinical guidelines.		En concreto, con procesos capaces de atraer el respaldo oficial de los responsables políticos, fomentar el consenso entre las autoridades regionales y los gobiernos locales, y orientar el cumplimiento sistemático de sus directrices clínicas en las unidades de parto.					None
1	doc83	In Spain, water pipe is a common device for substance abuse.		En España, la pipa de agua es un dispositivo de uso frecuente para el abuso de sustancias.					None
2	doc83	It is the second most widespread way of cannabis abuse (11.9%) between young people from 14 to 23 years old.		Es la segunda forma de abuso de cannabis más extendida (11,9 %) entre los jóvenes de 14 a 23 años.		Es la segunda forma de abuso de cannabis más <tag>extendida</tag> (11,9 %) entre los jóvenes de 14 a 23 años.	Terminology - Wrong term	Major	None
3	doc83	This use has become a public health problem, because of an intensive consumption in young people is considered as a predictor of excessive consumption in adulthood, and it causes health problems and increases the health costs.		Este uso se ha convertido en un problema de salud pública, debido a que un consumo intensivo entre los jóvenes se considera un factor de predicción del consumo excesivo en la edad adulta; además, genera problemas de salud y aumenta los gastos sanitarios.					None
4	doc83	The aim of this study was to analyze the relationship between water pipe use, lifestyle (diet, physical activity and sleep) and psychological distress, also considering unexpected effects, in university students.		El objetivo de este estudio fue analizar la relación entre el uso de la pipa de agua, el estilo de vida (alimentación, actividad física y sueño) y la angustia psicológica, a la vez que se consideran efectos inesperados, en estudiantes universitarios.					None
5	doc83	An observational and cross-sectional study was carried out, on a sample of 825 students from the University of Huelva, selected by random sampling stratified by conglomerates.		Se realizó un estudio observacional y transversal, sobre una muestra de 825 estudiantes de la Universidad de Huelva, seleccionados por muestreo aleatorio estratificado por conglomerados.					None
6	doc83	The instruments used were extracted from a larger study called "Health Behavior in University".		Los instrumentos utilizados fueron extraídos de un estudio más amplio llamado "Health Behavior in University" (Conductas de salud en la universidad).					None
7	doc83	SPSS 26.0 software was used for statistical analysis and statistical analysis was performed on the data collected.		Se utilizó el software SPSS 26.0 para realizar el análisis estadístico de los datos recopilados.					None
8	doc83	The use of water pipe was associated with less adherence to the Mediterranean diet (t=1.64; p=0.04; d=0.12), a lower number of hours of sleep during weekends (t=2.12; p =0.03; d=0.14) and with intense physical activity (t=-1.80; p=0.07; d=0.13).		El uso de la pipa de agua se asoció a un menor cumplimiento de la dieta mediterránea (t = 1,64; p = 0,04; d = 0,12), a una menor cantidad de horas de sueño durante los fines de semana (t = 2,12; p = 0,03; d = 0,14) y a la actividad física intensa (t = -1,80; p = 0,07; d = 0,13).					None
9	doc83	On the contrary, it was not associated with psychological distress.		Y, por el contrario, no se asoció a la angustia psicológica.					None
10	doc83	The use of water pipe seems to be inversely related to some aspects of a lifestyle that could be associated with long-term metabolic and respiratory diseases.		El uso de pipas de agua parece estar inversamente relacionado con algunos aspectos del estilo de vida que podrían estar asociados a enfermedades metabólicas y respiratorias crónicas.					None
1	doc84	The Neonatal Screening Program in Catalonia from its inception fifty years ago until today, has enabled the early diagnosis and treatment of more than 2,000 newborns.		El Programa de Detección Neonatal en Cataluña, desde su inicio hace cincuenta años hasta el día de hoy, ha permitido el diagnóstico y tratamiento tempranos de más de 2000 recién nacidos.		El Programa de Detección Neonatal en Cataluña, desde su inicio hace cincuenta años hasta el día de hoy, ha permitido el diagnóstico y tratamiento <tag>tempranos</tag> de más de 2000 recién nacidos.	Linguistic Conventions - Grammar	Minor	None
2	doc84	In the last decade, the Program has undergone various extensions regarding its panel of diseases and has improved its evaluation with the inclusion of quality indicators in all its stages.		En la última década, este programa ha experimentado diversas ampliaciones en cuanto a su grupo de enfermedades y ha mejorado sus evaluaciones con la inclusión de indicadores de calidad en todas sus etapas.					None
3	doc84	One of the pending subjects of the screening program has been the improvement of the quality indexes related to the sample's arrival time to the laboratory after their extraction.		Una de las asignaturas pendientes del programa de detección ha sido la mejora de los índices de calidad relacionados con el tiempo de llegada de las muestras al laboratorio tras su extracción.					None
4	doc84	The extension of the territory, the dispersion of numerous maternal centers, as well as the diversity and heterogeneity of the sample transport systems, have been an obstacle to quality compliance of these indexes.		La extensión del territorio, la distribución de numerosos centros maternales, así como la diversidad y heterogeneidad de los sistemas de transporte de muestras, han sido un obstáculo para el cumplimiento de la calidad de estos índices.					None
5	doc84	With the aim of reducing the period of samples arrival to the laboratory and continue to move towards meeting the standards established by the Ministry of Health, in 2020 a unified sample transport system has been implemented for the entire Catalan territory.		Con el objetivo de reducir el plazo de llegada de muestras al laboratorio y seguir avanzando hacia el cumplimiento de las normas establecidas por el Ministerio de Salud, en 2020 se ha implementado un sistema unificado de transporte de muestras para todo el territorio catalán.					None
6	doc84	The times obtained during the first months with the new system, have shown a notable improvement in the results, achieving a reduction of 50% of the days between the extraction of the sample and its arrival at the laboratory.		Los tiempos logrados durante los primeros meses con el nuevo sistema han mostrado una notable mejora en los resultados, ya que se logró una reducción del 50 % de los días entre la extracción de la muestra y su llegada al laboratorio.					None
1	doc86	Objective: the aim of this research was to explore the relationship between dietary pattern habits and compliance with screen-time guidelines in Spanish schoolchildren.		Objetivo: explorar la relación entre los hábitos alimentarios y el cumplimiento de las pautas sobre el tiempo frente a la pantalla en niños españoles en edad escolar.					None
2	doc86	Material and methods: a cross-sectional and associative study was performed in a total of 370 schoolchildren (44.9 % girls) aged 6-13 (8.7 ± 1.8) years.		Material y métodos: se realizó un estudio transversal y asociativo en un total de 370 niños en edad escolar (44,9 %, niñas) de entre 6 y 13 años (8,7 ± 1,8) años.					None
3	doc86	Results: for boys, those who did not meet these guidelines presented lower chances of eating vegetables regularly (OR = 0.50; 95 % CI = 0.28-0.89) or more than once a day (OR = 0.43; 95 % CI = 0.22-0.85).		Resultados: en el caso de niños varones, los que no cumplieron estas pautas presentaron menores posibilidades de comer verduras con regularidad (OR = 0,50; IC del 95 % = 0,28-0,89) o más de una vez al día (OR = 0,43; IC del 95 % = 0,22-0,85).					None
4	doc86	In girls, it was observed that those who did not meet the guidelines presented a lower probability of eating one piece of fruit (OR = 0.43; 95 % CI = 0.19-0.99) as well as a second piece (OR = 0.22; 95 % CI = 0.22-0.81), vegetables more than once a day (OR = 0.39; 95 % CI = 0.19-0.80), fish (at least 2-3 times/week) (OR = 0.40; 95 % CI = 0.20-0.78) and nuts (at least 2 or 3 times per week) (OR = 0.46; 95 % = 0.24-0.87). Conclusion: some healthy eating patterns, such as the consumption of fruits and vegetables, appeared to be more prevalent in those children who met the international screen-time guidelines.		En las niñas, se observó que las que no cumplían las pautas presentaban una menor probabilidad de comer una fruta (OR = 0,43; IC del 95 % = 0,19-0,99), así como una segunda fruta (OR = 0,22; IC del 95 % = 0,22-0,81), verduras más de una vez al día (OR = 0,39; IC del 95 % = 0,19-0,80), pescado (al menos 2-3 veces/semana) (OR = 0,40; IC del 95 % = 0,20-0,78) y frutos secos (al menos 2 o 3 veces por semana) (OR = 0,46; IC del 95 % = 0,24-0,87). Conclusión: algunos patrones alimentarios saludables, como el consumo de frutas y verduras, parecían ser más prevalentes en niños que cumplían las pautas internacionales sobre el tiempo frente a la pantalla.					None
1	doc88	This essay discusses the repercussions of the COVID-19 pandemic on the relation between labor and health, from the perspective of the workers' risk and vulnerability.		En este ensayo, se analizan las repercusiones de la pandemia de la COVID-19 en la relación entre el trabajo y la salud, desde la perspectiva del riesgo y la vulnerabilidad de los trabajadores.					None
2	doc88	The pandemic has represented a humanitarian crisis, since both the disease and the measures to contain it lead to persistent socioeconomic effects.		La pandemia ha representado una crisis humanitaria, ya que tanto la enfermedad como las medidas para contenerla provocaron efectos socioeconómicos persistentes.					None
3	doc88	In this context, the labor category has an important role, either because of the feasibility of maintaining the social distancing and living conditions allowed by the employment relationship, or because of the impossibility of adopting protection strategies due to job insecurity.		En este contexto, la categoría laboral tiene un papel importante, ya sea por la viabilidad de mantener el distanciamiento social y las condiciones de vida permitidas por la relación laboral o por la imposibilidad de adoptar estrategias de protección debido a la precariedad laboral.					None
4	doc88	The essay was initially built on the basis of a literature review on the interface between COVID-19 and workers' health, carried out from December 2019 to April 2020, on the PubMed, BIREME, Cochrane Library, medRxiv and LitCovid bases, as well as using gray literature.		El ensayo se desarrolló, en principio, sobre la base de una revisión de las publicaciones médicas sobre la interfaz entre la COVID-19 y la salud de los trabajadores, realizada desde diciembre de 2019 hasta abril de 2020, en las bases PubMed, BIREME, Cochrane Library, medRxiv y LitCovid, así como con el uso de literatura gris.					None
5	doc88	Health professionals are more affected, but they also have greater access to diagnosis; however, data are still scarce on other professional categories, as well as on the social determinants that lead to greater labor-related vulnerability.		Los profesionales sanitarios se ven más afectados, pero también tienen un mayor acceso al diagnóstico; sin embargo, aún son escasos los datos sobre otras categorías profesionales, así como sobre los determinantes sociales que provocan una mayor vulnerabilidad laboral.					None
6	doc88	In Brazil, the pandemic coincides with a situation in which workers accumulate significant losses of labor and social security rights, in addition to pre-existing social inequalities, such as precarious housing, with greater exposure and risk.		En Brasil, la pandemia coincide con una situación en la que los trabajadores acumulan importantes pérdidas de derechos laborales y de seguridad social, además de desigualdades sociales preexistentes, como la vivienda precaria, con una mayor exposición y riesgo.					None
7	doc88	Although the pandemic is still evolving, social inequalities are expected to intensify, with the deep retraction of the economy, and workers must be a priority target of attention in the control and spread of the disease, in addition to being the axis for planning public social and health protection policies.		Aunque la pandemia aún está evolucionando, se espera que las desigualdades sociales se intensifiquen con el profundo retroceso de la economía, y los trabajadores deben ser un objetivo de atención prioritario en el control y propagación de la enfermedad, además de ser el eje para la planificación de políticas públicas de protección social y sanitaria.					None
1	doc89	Introduction: sarcopenia is considered a risk factor for cancer patients, as it increases mortality and post-surgical complications, and reduces response to treatment and quality of life.		Introducción: la sarcopenia se considera un factor de riesgo para los pacientes con cáncer, ya que aumenta la mortalidad y las complicaciones posquirúrgicas, reduce la respuesta al tratamiento y empeora la calidad de vida.					None
2	doc89	Objective: to identify the risk of sarcopenia by SARC-CalF, as well as the factors associated with this outcome in patients with cancer of the gastrointestinal tract (GIT) and adnexal glands.		Objetivo: identificar el riesgo de sarcopenia por SARC-CalF, así como los factores asociados a este resultado en pacientes con cáncer de tubo digestivo y glándulas anexiales.					None
3	doc89	Methods: this cross-sectional study included patients with cancer of the GIT and adnexal glands, without edema or ascites, of both sexes and aged ≥ 20 years.		Métodos: este estudio transversal incluyó a pacientes con cáncer de tubo digestivo y glándulas anexiales, sin edema ni ascitis, de ambos sexos y de ≥20 años de edad.					None
4	doc89	Conventional anthropometric variables and handgrip strength (HGS) were measured.		Se midieron variables antropométricas convencionales y fuerza de prensión manual (FPM).					None
5	doc89	The risk of sarcopenia was assessed through the SARC-CalF questionnaire, and nutritional status by the Patient-Generated Subjective Global Assessment (PG-SGA).		El riesgo de sarcopenia se evaluó mediante el cuestionario SARC-CalF, y el estado nutricional mediante la Evaluación Global Subjetiva Generada por el Paciente (PG-SGA).					None
6	doc89	The data analysis was performed using the SPSS® software, 22.0, with a significance of 5 %. Results: seventy patients took part in the study.		El análisis de datos se realizó usando el software SPSS® 22.0, con una significación del 5 %. Resultados: setenta pacientes participaron en el estudio.					None
7	doc89	Of these, 55.7 % were female, 52.9 % were aged over 60 years, and 64.3 % were non-white.		De ellos, el 55,7 % eran mujeres, el 52,9 % tenían más de 60 años y el 64,3 % no eran blancos.					None
8	doc89	PG-SGA identified 50.0 % of patients as well-nourished and 50.0 % as having some degree of malnutrition.		La PG-SGA identificó al 50,0 % de los pacientes como bien nutridos y al 50,0 % con algún grado de desnutrición.					None
9	doc89	The prevalence of risk of sarcopenia was 28.6 %. There were different correlations between the SARC-CalF score and anthropometric variables (p < 0.05) according to life stage (adults and elderly).		La prevalencia del riesgo de sarcopenia fue del 28,6 %. Hubo diferentes correlaciones entre el puntaje SARC-CalF y las variables antropométricas (p < 0,05) según la etapa de vida (adultos y ancianos).					None
10	doc89	After a linear regression analysis the measures that most influenced the SARC-CalF score were arm circumference (AC) and adductor pollicis muscle thickness in the dominant hand (DAPMT) for adults, while for the elderly current weight and DAPTM (p < 0.05) were more relevant.		Tras un análisis de regresión lineal, las medidas que más influyeron en la puntuación SARC-CalF fueron la circunferencia del brazo (AC) y el grosor del músculo aductor del pulgar en la mano dominante (DAPMT) en los adultos, mientras que para los ancianos, el peso actual y el DAPTM (p < 0,05) fueron más relevantes.					None
11	doc89	Conclusion: SARC-CalF identified 28.6 % of patients at risk for sarcopenia and was associated with body weight and anthropometric variables indicative of muscle reserve in adults and the elderly.		Conclusión: el SARC-CalF identificó al 28,6 % de los pacientes con riesgo de sarcopenia, que se asoció con el peso corporal y variables antropométricas indicativas de la reserva muscular en adultos y ancianos.					None
1	doc90	The aim of this study was to review risk factors for conversion in a cohort of patients with rectal cancer undergoing minimally invasive abdominal surgery.		El objetivo de este estudio fue revisar los factores de riesgo de conversión en una cohorte de pacientes con cáncer de recto sometidos a cirugía abdominal mínimamente invasiva.					None
2	doc90	A retrospective analysis was performed of consecutive patients operated on from February 2005 to April 2018.		Se realizó un análisis retrospectivo de pacientes consecutivos operados desde febrero de 2005 hasta abril de 2018.					None
3	doc90	Adult patients undergoing low anterior resection or abdominoperineal resection for primary rectal adenocarcinoma by a minimally invasive approach were included.		Se incluyeron pacientes adultos sometidos a resección anterior baja o a resección abdominoperineal por adenocarcinoma rectal primario mediante un abordaje mínimamente invasivo.					None
4	doc90	Exclusion criteria were lack of research authorization, stage IV or recurrent rectal cancer, and emergency surgery.		Los criterios de exclusión fueron la falta de autorización para investigación, el cáncer de recto en estadio IV o recurrente, y la cirugía de emergencia.					None
5	doc90	Risk factors for conversion were investigated using logistic regression.		Los factores de riesgo de conversión se investigaron mediante regresión logística.					None
6	doc90	A subgroup analysis of obese patients		Análisis de subgrupos de pacientes obesos					None
7	doc90	(BMI 30 kg/m A total of 600 patients were included in the analysis.		(IMC 30 kg/m). Se incluyó en el análisis a un total de 600 pacientes.					None
8	doc90	The overall conversion rate was 9·2 per cent.		La tasa de conversión general fue del 9,2 por ciento.					None
9	doc90	Multivariable analysis showed a 72 per cent lower risk of conversion when patients had robotic surgery (odds ratio (OR) 0·28, 95 per cent c.i. 0·15 to 0·52).		El análisis multivariable mostró un 72 % menos de riesgo de conversión cuando los pacientes se sometieron a cirugía robótica (cociente de probabilidades [OR] = 0,28; IC del 95 % = 0,15 a 0,52).					None
10	doc90	Obese patients experienced a threefold higher risk of conversion compared with non-obese patients (47 versus 24·4 per cent respectively; P < 0·001).		Los pacientes obesos presentaban un riesgo de conversión tres veces mayor en comparación con los no obesos (47 % frente al 24,4 %, respectivamente; P < 0,001).					None
11	doc90	Robotic surgery was associated with a reduced risk of conversion in obese patients (OR 0·22, 0·07 to 0·71).		La cirugía robótica se asoció a un menor riesgo de conversión en pacientes obesos (OR = 0,22; 0,07 a 0,71).					None
12	doc90	Robotic surgery was associated with a lower risk of conversion in patients undergoing minimally invasive rectal cancer surgery, in both obese and non-obese patients.		La cirugía robótica se asoció a un menor riesgo de conversión en pacientes sometidos a cirugía mínimamente invasiva de cáncer de recto, tanto en pacientes obesos como en no obesos.					None
1	doc91	Safety positive performance indicators (PPI) reflect key aspects of safety culture; some of them also have predictive validity for occupational injuries.		Los indicadores de desempeño positivo (PPI) en materia de seguridad reflejan aspectos clave de la cultura de seguridad; algunos de ellos también tienen validez de predicción para las lesiones laborales.					None
2	doc91	This is the case of the Organizational Performance Metric (OPM), developed by the Canadian Institute for Work & Health (IWH), a short, widely validated international English language questionnaire.		Este es el caso de la Métrica de Desempeño Organizacional (OPM), desarrollada por el Canadian Institute for Work & Health (IWH), un breve cuestionario internacional en idioma inglés ampliamente validado.					None
3	doc91	The objective of this study was to obtain a transculturally adapted Spanish language version ofthe OPM, and to analyze its statistical reliability, validity and internal consistency.		El objetivo de este estudio fue obtener una versión en español adaptada transculturalmente de la OPM y analizar su fiabilidad estadística, validez y consistencia interna.					None
4	doc91	After a translation and back translation process was performed by an expert panel, 478 questionnaires were completed in Navarra, Spain.		Después de un proceso de traducción y retrotraducción realizado por un panel de expertos, se completaron 478 cuestionarios en Navarra, España.					None
5	doc91	We calculated the Cronbach alpha coefficient, bivariate correlations and the intra-class correlation coefficient (ICC) and performed exploratory factorial analysis of all eight items.		Calculamos el coeficiente alfa de Cronbach, las correlaciones bivariadas y el coeficiente de correlación intraclase (CCI) y realizamos un análisis factorial exploratorio de los ocho elementos.					None
6	doc91	Data show the new tool has high reliability (Cronbach alpha==0.863) and internal validity (ICC=0.842).		Los datos muestran que la nueva herramienta tiene una alta fiabilidad (alfa de Cronbach = 0,863) y validez interna (CCI = 0,842).					None
7	doc91	The factorial analysis confirmed a single latent factor among the eight items of the questionnaire. the adapted questionnaire (OPM-Esp) constitutes a valid instrument for use as an indicator of safety performance in Spanish companies.		El análisis factorial confirmó un único factor latente entre los ocho elementos del cuestionario. El cuestionario adaptado (OPM-Esp) constituye un instrumento válido para su uso como indicador del desempeño de seguridad en las empresas españolas.					None
8	doc91	Its brevity and simplicity make it especially useful in the work environment.		Su brevedad y sencillez la hacen especialmente útil en el entorno laboral.					None
9	doc91	Its ability to predict occupational injuries should be tested in the Spanish context.		Su capacidad para predecir lesiones laborales debe ponerse a prueba en el contexto español.					None
1	doc92	The identification of atrial fibrillation in older patients who come to Primary Care consultations is a topic of interest that has been scarcely studied.		La identificación de la fibrilación auricular en pacientes mayores que acuden a consulta de atención primaria es un tema de interés poco estudiado.					None
2	doc92	The objective of this work was to estimate the frequency of new cases of atrial fibrillation and to analyze the clinical-epidemiological characteristics of patients 65 years of age or older, detected in Primary Care in Spain.		El objetivo de este trabajo fue estimar la frecuencia de nuevos casos de fibrilación auricular y analizar las características clínico-epidemiológicas de los pacientes de 65 años o más, detectados en la etapa de atención primaria en España.					None
3	doc92	An observational, descriptive, national, multicenter study was carried out in 48 health centers, in which 218 doctors and 101 Primary Care nurses recruited 7,068 patients, who underwent an arterial pulse and an electrocardiogram. in case of being abnormal or doubtful, determining the presence of atrial fibrillation and other rhythm disorders, symptoms and signs compatible with atrial fibrillation and comorbidity and cardiovascular risk factors.		Se realizó un estudio observacional, descriptivo, nacional y multicéntrico en 48 centros de salud, en el que 218 médicos y 101 enfermeros de atención primaria reclutaron a 7068 pacientes, a los que se les realizó una prueba de pulso arterial y un electrocardiograma. En caso de que estos fueran anormales o dudosos, esto determinaba la presencia de fibrilación auricular y otros trastornos del ritmo cardíaco, síntomas y signos compatibles con fibrilación auricular, y factores de riesgo cardiovascular y de comorbilidad.					None
4	doc92	A univariate, bivariate and multivariate analysis (multiple logistic regression) was performed.		Se realizó un análisis univariado, bivariado y multivariado (regresión logística múltiple).					None
5	doc92	The patients had a mean age of 74.41±6.78 (DT) years.		Los pacientes tenían una edad media de 74,41 ± 6,78 (DT) años.					None
6	doc92	2.3% presented atrial fibrilation (95% CI: 2.0-2.7), being its frequency higher in men (2.9%; p<0.001), and as age increased (p<0.001).		El 2,3 % presentó fibrilación auricular (IC del 95 % = 2,0-2,7), cuya frecuencia era mayor en los hombres (2,9 %; p < 0,001) y aumentaba con la edad (p < 0,001).					None
7	doc92	The most frequent symptoms present among patients with atrial fibrillation were palpitations (Odds Ratio -OR-=3.50; 95% CI: 2.28-5.37), dyspnea (OR=2.71; 95% CI: 1.87-3.90), general discomfort (OR=2.32, 95% CI: 1.15-4.63), and dizziness (OR=1.80, 95% CI: 1.20-3.51).		Los síntomas más frecuentes presentes entre los pacientes con fibrilación auricular fueron palpitaciones (cociente de probabilidades [OR] = 3,50; IC del 95 % = 2,28-5,37), disnea (OR = 2,71; IC del 95 % = 1,87-3,90), malestar general (OR = 2,32; IC del 95 % = 1,15-4,63) y mareos (OR = 1,80; IC del 95 % = 1,20-3,51).					None
8	doc92	The 21.8% were asymptomatic.		El 21,8 % era asintomático.		El 21,8 % <tag>era</tag> asintomático.	Linguistic Conventions - Grammar	Major	None
9	doc92	The frequency of new cases of atrial fibrillation in the Spanish population of 65 years or older is high, being higher in men and increasing with age.		La frecuencia de nuevos casos de fibrilación auricular en la población española de 65 años o más es alta, es mayor en los hombres y aumenta con la edad.					None
10	doc92	Two out of ten patients are asymptomatic.		Dos de cada diez pacientes son asintomáticos.					None
11	doc92	Palpitations and dyspnea are the predominant symptoms in patients with atrial fibrillation.		Las palpitaciones y la disnea son los síntomas predominantes en los pacientes con fibrilación auricular.					None
1	doc93	Anxiety in relation to surgery is a well-known problem.		La ansiedad en relación con la cirugía es un problema bien conocido.					None
2	doc93	Melatonin offers an alternative treatment to benzodiazepines for ameliorating this condition in the preoperative and postoperative periods.		La melatonina ofrece un tratamiento alternativo a las benzodiacepinas para mejorar esta afección en los períodos preoperatorio y posoperatorio.					None
3	doc93	To assess the effects of melatonin on preoperative and postoperative anxiety compared to placebo or benzodiazepines.		Evaluar los efectos de la melatonina sobre la ansiedad preoperatoria y posoperatoria en comparación con el placebo o las benzodiacepinas.					None
4	doc93	We searched the following databases on 10 July 2020: CENTRAL, MEDLINE, Embase, CINAHL, and Web of Science.		Se realizaron búsquedas en las siguientes bases de datos el 10 de julio de 2020: CENTRAL, MEDLINE, Embase, CINAHL y Web of Science.					None
5	doc93	For ongoing trials and protocols, we searched clinicaltrials.gov and the World Health Organization (WHO) International Clinical Trials Registry Platform.		Para ver los ensayos y protocolos en curso, buscamos en clinicaltrials.gov y en la Plataforma de Registros Internacionales de Ensayos Clínicos de la Organización Mundial de la Salud (OMS).					None
6	doc93	We included randomized, placebo-controlled or standard treatment-controlled (or both) studies that evaluated the effects of preoperatively administered melatonin on preoperative or postoperative anxiety.		Incluimos estudios aleatorizados, controlados con placebo o controlados con tratamiento estándar (o ambos) en los que se evaluaban los efectos de la melatonina administrada antes de la cirugía sobre la ansiedad preoperatoria o posoperatoria.					None
7	doc93	We included adult patients of both sexes (15 to 90 years of age) undergoing any kind of surgical procedure for which it was necessary to use general, regional, or topical anaesthesia.		Se incluyeron pacientes adultos de ambos sexos (de 15 a 90 años) sometidos a cualquier tipo de procedimiento quirúrgico para el que fuera necesario utilizar anestesia general, regional o local.					None
8	doc93	One review author conducted data extraction in duplicate.		Un autor de la revisión realizó la extracción de datos por duplicado.					None
9	doc93	Data extracted included information about study design, country of origin, number of participants and demographic details, type of surgery, type of anaesthesia, intervention and dosing regimens, preoperative anxiety outcome measures, and postoperative anxiety outcome measures.		Los datos extraídos incluyeron información sobre el diseño del estudio, país de origen, cantidad de participantes y datos demográficos, tipo de cirugía, tipo de anestesia, regímenes de intervención y esquema terapéutico, medidas de los resultados de ansiedad preoperatoria y medidas de los resultados de ansiedad posoperatoria.					None
10	doc93	We included 27 randomized controlled trials (RCTs), involving 2319 participants, that assessed melatonin for treating preoperative anxiety, postoperative anxiety, or both.		Incluimos 27 ensayos controlados aleatorios (ECA), con 2319 participantes, en los que se evaluaron la melatonina para tratar la ansiedad preoperatoria, la ansiedad posoperatoria o ambas.					None
11	doc93	Twenty-four studies compared melatonin with placebo.		En veinticuatro estudios se compararon melatonina con placebo.					None
12	doc93	Eleven studies compared melatonin to a benzodiazepine (seven studies with midazolam, three studies with alprazolam, and one study with oxazepam).		En once estudios se compararon la melatonina con una benzodiacepina (siete estudios con midazolam, tres estudios con alprazolam y un estudio con oxazepam).					None
13	doc93	Other comparators in a small number of studies were gabapentin, clonidine, and pregabalin.		Otros comparadores en una pequeña cantidad de estudios fueron la gabapentina, la clonidina y la pregabalina.					None
14	doc93	No studies were judged to be at low risk of bias for all domains.		No se consideró que ningún estudio tuviera un riesgo bajo de sesgo en todos los dominios.					None
15	doc93	Most studies were judged to be at unclear risk of bias overall.		La mayoría de los estudios se consideraron con riesgo incierto de sesgo en general.					None
16	doc93	Eight studies were judged to be at high risk of bias in one or more domain, and thus, to be at high risk of bias overall.		Ocho estudios se consideraron con alto riesgo de sesgo en uno o más dominios y, por lo tanto, con alto riesgo de sesgo en general.					None
17	doc93	Melatonin versus placebo Melatonin probably results in a reduction in preoperative anxiety measured by a visual analogue scale (VAS, 0 to 100 mm) compared to placebo (mean difference (MD) -11.69, 95% confidence interval (CI) -13.80 to -9.59; 18 studies, 1264 participants; moderate-certainty evidence), based on a meta-analysis of 18 studies.		Melatonina frente a placebo. La melatonina probablemente da como resultado una reducción de la ansiedad preoperatoria medida por una escala analógica visual (EAV, de 0 a 100 mm) en comparación con el placebo (diferencia media [DM] -11,69, intervalo de confianza [IC] del 95 % de -13,80 a -9,59; 18 estudios, 1264 participantes; evidencia de certeza moderada), basada en un metaanálisis de 18 estudios.					None
18	doc93	Melatonin may reduce immediate postoperative anxiety measured on a 0 to 100 mm VAS compared to placebo (MD -5.04, 95% CI -9.52 to -0.55; 7 studies, 524 participants; low-certainty evidence), and may reduce delayed postoperative anxiety measured six hours after surgery using the State-Trait Anxiety Inventory (STAI) (MD -5.31, 95% CI -8.78 to -1.84; 2 studies; 73 participants; low-certainty evidence). Melatonin versus benzodiazepines (midazolam and alprazolam) Melatonin probably results in little or no difference in preoperative anxiety measured on a 0 to 100 mm VAS (MD 0.78, 95% CI -2.02 to 3.58; 7 studies, 409 participants; moderate-certainty evidence) and there may be little or no difference in immediate postoperative anxiety (MD -2.12, 95% CI -4.61 to 0.36; 3 studies, 176 participants; low-certainty evidence).		La melatonina puede reducir la ansiedad posoperatoria inmediata medida en una EAV de 0 a 100 mm en comparación con el placebo (DM de -5,04, IC del 95 % de -9,52 a -0,55; 7 estudios, 524 participantes; evidencia de certeza baja), y puede reducir la ansiedad posoperatoria tardía medida seis horas después de la cirugía utilizando el Inventario de Ansiedad por Rasgos Estatales (STAI) (DM de -5,31, IC del 95 % de -8,78 a -1,84; 2 estudios; 73 participantes; evidencia de certeza baja). Melatonina frente a benzodiacepinas (midazolam y alprazolam). La melatonina probablemente da como resultado una diferencia nula o escasa en la ansiedad preoperatoria medida en una EAV de 0 a 100 mm (DM de 0,78, IC del 95 % de -2,02 a 3,58; 7 estudios, 409 participantes; evidencia de certeza moderada) y puede haber una diferencia nula o escasa en la ansiedad posoperatoria inmediata (DM de -2,12, IC del 95 % de -4,61 a 0,36; 3 estudios, 176 participantes; evidencia de certeza baja).					None
19	doc93	Adverse events Fourteen studies did not report on adverse events.		Eventos adversos. En catorce estudios no se informaron eventos adversos.					None
20	doc93	Six studies specifically reported that no side effects were observed, and the remaining seven studies reported cases of nausea, sleepiness, dizziness, and headache; however, no serious adverse events were reported.		En seis estudios, específicamente, se informó que no se observaron efectos adversos, y en los siete estudios restantes se notificaron casos de náuseas, somnolencia, mareos y dolor de cabeza; sin embargo, no se notificaron eventos adversos graves.					None
21	doc93	Eleven studies measured psychomotor and cognitive function, or both, and in general, these studies found that benzodiazepines impaired psychomotor and cognitive function more than placebo and melatonin.		En once estudios se midieron la función psicomotora y cognitiva, o ambas, y en general, se halló que las benzodiacepinas alteraron la función psicomotora y cognitiva más que el placebo y la melatonina.					None
22	doc93	Fourteen studies evaluated sedation and generally found that benzodiazepine caused the highest degree of sedation, but melatonin also showed sedative properties compared to placebo.		En catorce estudios se evaluaron la sedación y, en general, se halló que las benzodiacepinas lograban el mayor grado de sedación, pero la melatonina también mostró propiedades sedantes en comparación con el placebo.					None
23	doc93	Several studies did not report on adverse events; therefore, it is not possible to conclude with certainty, from the data on adverse effects collected in this review, that melatonin is better tolerated than benzodiazepines.		En varios estudios no se informaron eventos adversos; por lo tanto, no es posible concluir con certeza, a partir de los datos sobre los efectos adversos recopilados en esta revisión, que la melatonina se tolera mejor que las benzodiacepinas.					None
24	doc93	When compared with placebo, melatonin given as premedication (as tablets or sublingually) probably reduces preoperative anxiety in adults (measured 50 to 120 minutes after administration), which is potentially clinically relevant.		En comparación con el placebo, la melatonina administrada como premedicación (en comprimidos o por vía sublingual) probablemente reduce la ansiedad preoperatoria en adultos (medida entre 50 y 120 minutos después de la administración), lo que es potencialmente relevante desde el punto de vista clínico.					None
25	doc93	The effect of melatonin on postoperative anxiety compared to placebo (measured in the recovery room and six hours after surgery) was also evident but was much smaller, and the clinical relevance of this finding is uncertain.		El efecto de la melatonina sobre la ansiedad posoperatoria en comparación con el placebo (medido en la sala de recuperación y seis horas después de la cirugía) también fue evidente, pero fue mucho menor, y la relevancia clínica de este hallazgo es incierta.					None
26	doc93	There was little or no difference in anxiety when melatonin was compared with benzodiazepines.		Hubo una diferencia nula o escasa en la ansiedad cuando se comparó la melatonina con las benzodiacepinas.					None
27	doc93	Thus, melatonin may have a similar effect to benzodiazepines in reducing preoperative and postoperative anxiety in adults.		Por lo tanto, la melatonina puede tener un efecto similar al de las benzodiacepinas en la reducción de la ansiedad preoperatoria y posoperatoria en adultos.					None
1	doc94	Introduction: thickeners are widely used in swallowing disorders, both for diagnosis and to achieve a safe and effective diet.		Introducción: los espesantes son ampliamente utilizados en los trastornos de la deglución, tanto para el diagnóstico como para lograr una alimentación segura y eficaz.					None
2	doc94	Recently, products composed of gums have been commercialized in the Spanish market in order to improve the organoleptic and physical qualities of thickened foods.		Recientemente, se han comercializado en el mercado español productos compuestos por goma con el fin de mejorar las cualidades organolépticas y físicas de los alimentos espesados.					None
3	doc94	Objective: to compare thickening agents of clinical scope marketed in Spain, and to verify their organoleptic and physical characteristics, to be used in the diagnostic procedures and the feeding of patients with dysphagia.		Objetivo: comparar los agentes espesantes de grado clínico comercializados en España y verificar sus características organolépticas y físicas para su uso en los procedimientos diagnósticos y la alimentación de los pacientes con disfagia.					None
4	doc94	Method: the organoleptic (appearance, colour, smell, taste, aftertaste) and physical (solubility, stability) properties of eight thickeners (4 classic starch-based and 4 new gum-based) were assessed in a sample of 44 healthy subjects.		Método: se evaluaron las propiedades organolépticas (apariencia, color, olor, sabor, regusto) y físicas (solubilidad, estabilidad) de ocho espesantes (4 clásicos a base de almidón y 4 nuevos a base de goma) en una muestra de 44 sujetos sanos.					None
5	doc94	In addition, their usefulness in diagnostic tests was studied by mixing them with dyes and water-soluble contrasts.		Además, se estudió su utilidad en pruebas de diagnóstico, mezclándolas con tintes y contrastes solubles en agua.					None
6	doc94	Results and conclusions: new-generation thickeners, based on gums, generally obtain better scores for their physical and organoleptic qualities than conventional thickeners.		Resultados y conclusiones: los espesantes de nueva generación, basados en goma, generalmente obtienen mejores puntuaciones por sus cualidades físicas y organolépticas que los espesantes convencionales.					None
7	doc94	Starch thickeners are more suitable for diagnostic tests, as gum thickeners present some peculiarities in their mixtures with dyes and contrasts that must be taken into account in diagnostic tests.		Los espesantes de almidón son más adecuados para las pruebas de diagnóstico, ya que los espesantes de goma presentan algunas peculiaridades en sus mezclas con colorantes y contrastes que deben tenerse en cuenta en las pruebas de diagnóstico.					None
1	doc95	It remains unclear whether extended lymphadenectomy provides oncological advantages in colorectal cancer.		Aún no está claro si la linfadenectomía prolongada proporciona ventajas oncológicas en el cáncer colorrectal.					None
2	doc95	This multicentre RCT aimed to address this issue.		Este ECA multicéntrico tenía como objetivo abordar este problema.					None
3	doc95	Patients with resectable primary colonic cancer were enrolled in four hospitals registered in the COLD trial, and randomized to D2 or D3 dissection in a 1 : 1 ratio.		Los pacientes con cáncer de colon primario resecable se inscribieron en cuatro hospitales registrados en el ensayo COLD y se les asignó aleatoriamente a una disección D2 o D3 en una proporción de 1:1.					None
4	doc95	Data were analysed to assess the safety of D3 dissection.		Se analizaron los datos para evaluar la seguridad de la disección D3.					None
5	doc95	The study included the first 100 patients randomized in this ongoing trial.		El estudio incluyó a los primeros 100 pacientes aleatorizados en este ensayo en curso.		El estudio incluyó a los primeros 100 pacientes <tag>aleatorizados</tag> en este ensayo en curso.	Style - Non-fluent	Major	None
6	doc95	Ninety-nine patients were included in the intention-to-treat (ITT) analysis (43 D2, 56 D3).	Ninety-nine <tag>patients</tag> were included in the intention-to-treat (ITT) analysis (43 D2, 56 D3).	Se incluyeron noventa y nueve en el análisis por intención de tratar (ITT) (43 D2, 56 D3).			Accuracy - Omission	Critical	None
7	doc95	Ninety-two patients received the allocated treatment and were included in the per-protocol (PP) analysis: 39 of 43 in the D2 group and 53 of 56 in the D3 group.		Noventa y dos pacientes recibieron el tratamiento asignado y se los incluyó en el análisis por protocolo (PP): 39 de 43 en el grupo D2 y 53 de 56 en el grupo D3.					None
8	doc95	There were no deaths.		No hubo muertes.					None
9	doc95	The 30-day postoperative morbidity rate was 47 per cent in the D2 group and 48 per cent in the D3 group, with a risk ratio of 1·04 (95 per cent c.i. 0·68 to 1·58) (P = 0·867). There were two anastomotic leaks (5 per cent) in the D2 group and none in the D3 group.		La tasa de morbilidad 30 días después de la operación fue del 47 % en el grupo D2 y del 48 % en el grupo D3, con un cociente de riesgo de 1,04 (IC del 95 % de 0,68 a 1,58) (P = 0,867). Hubo dos fugas anastomóticas (5 por ciento) en el grupo D2 y ninguna en el grupo D3.					None
10	doc95	Postoperative recovery, complication and readmission rates did not differ between the groups in ITT and PP analyses.		Las tasas de recuperación posoperatoria, complicaciones y reingreso no difirieron entre los grupos en los análisis ITT y PP.					None
11	doc95	Mean lymph node yield was 26·6 and 27·8 in D2 and D3 procedures respectively.		El rendimiento medio de los ganglios linfáticos fue de 26,6 y 27,8 en los procedimientos D2 y D3, respectivamente.					None
12	doc95	Good quality of complete mesocolic excision was more frequently noted in the D3 group (P = 0·048).		La buena calidad de la escisión mesocólica completa se observó con mayor frecuencia en el grupo D3 (P = 0,048).					None
13	doc95	Three patients in the D3 group (5 per cent) had metastases in D3 lymph nodes.		Tres pacientes en el grupo D3 (5 por ciento) tenían metástasis en los ganglios linfáticos D3.					None
14	doc95	D3 was never the only affected level of lymph nodes.		D3 nunca fue el único nivel afectado de los ganglios linfáticos.					None
15	doc95	N-positive status was more common in the D3 group (46 per cent versus 26 per cent in D2), with a risk ratio of 1·81 (95 per cent c.i. 1·01 to 3·24) (P = 0·044). D3 lymph node dissection is feasible and may be associated with better N staging.		El estado N-positivo fue más frecuente en el grupo D3 (46 % frente al 26 % en D2), con un cociente de riesgos de 1,81 (IC del 95 % de 1,01 a 3,24) (P = 0,044). La disección ganglionar de D3 es factible y puede asociarse a una mejor estadificación N.					None
16	doc95	Registration number: NCT03009227 ( http://www.clinicaltrials.gov).		Número de registro: NCT03009227 (http://www.clinicaltrials.gov).					None
1	doc96	Functional status decline is related to many negative outcomes.		El deterioro del estado funcional se relaciona con muchos resultados negativos.					None
2	doc96	To explore the relationship of sociodemographic, medical, and psychological factors with the incidence of functional status decline in Mexican older adults.		Explorar la relación de factores sociodemográficos, médicos y psicológicos con la incidencia de deterioro del estado funcional en adultos mayores mexicanos.					None
3	doc96	Data from the 2012 and 2015 waves of the Mexican Health and Aging Study (MHAS) survey were analyzed.		Se analizaron los datos de las oleadas de 2012 y 2015 de la encuesta del Estudio Mexicano de Salud y Envejecimiento (MHAS).					None
4	doc96	Participants with previous functional status decline at baseline were excluded.		Se excluyeron los participantes con deterioro previo del estado funcional al inicio del estudio.					None
5	doc96	We assessed functional status decline individually with activities of daily living (ADL) and instrumental ADL (IADLs) in an individual way.		Evaluamos el deterioro del estado funcional individualmente con las actividades de la vida diaria (AVD) y las actividades instrumentales de la vida diaria (AIVD) de forma individual.					None
6	doc96	Age was associated with functional limitations in ADL.		La edad se asoció a limitaciones funcionales en las AVD.					None
7	doc96	Being male had an association with limitations for IADL.		Ser hombre tenía una asociación a limitaciones para las AIVD.					None
8	doc96	A poor financial situation and lower education related to higher limitations for ADL.		Una mala situación financiera y una menor escolaridad se relacionaron con mayores limitaciones para las AVD.					None
9	doc96	Furthermore, pain, comorbidities, and depression were found to be independently associated with limitations in ADL.		Además, el dolor, las comorbilidades y la depresión se asociaron de forma independiente a las limitaciones en las AVD.					None
10	doc96	IADL limitation was associated with age, poor education, comorbidities, and depression, as well as cognitive impairment.		La limitación en las AIVD se asoció a la edad, al bajo nivel de educación, a las comorbilidades y a la depresión, así como al deterioro cognitivo.					None
11	doc96	We found that factors such as age, financial status, educational level, pain, and the number of comorbidities were associated with the incidence of functional status decline.		Se observó que factores como la edad, la situación económica, el nivel educativo, el dolor y la cantidad de comorbilidades se asociaban a la incidencia de deterioro del estado funcional.					None
12	doc96	Pain had a greater association in the 3-year functional ADL decline incidence when compared with cognitive impairment.		El dolor tuvo una mayor asociación en la incidencia de deterioro funcional de las AVD a los 3 años en comparación con el deterioro cognitivo.					None
13	doc96	Studying functional decline by domains allowed us to find more detailed information to identify factors susceptible to intervention with the aim to reduce the incidence of functional status decline and dependence.		Estudiar el deterioro funcional por dominios nos permitió encontrar información más detallada para identificar factores susceptibles de intervención, con el objetivo de reducir la incidencia de deterioro del estado funcional y la dependencia.					None
1	doc97	Advances in the diagnosis and treatment of breast cancer have improved the prognosis for these patients.		Los avances en el diagnóstico y el tratamiento del cáncer de mama han mejorado el pronóstico de estas pacientes.					None
2	doc97	Consequently, a greater number of survivors are facing the process of returning to work.		En consecuencia, una mayor cantidad de supervivientes se encuentran frente al proceso de reincorporación al trabajo.					None
3	doc97	The objective of the present study was to analyze the frequency, median time and factors related to the return to work of patients with breast cancer, after diagnosis and completion of treatment at a cancer referral center in the city of Medellín, Colombia METHODS: a retrospective cohort study was carried out with registries of patients with breast cancer (n = 141) from a reference cancer center.		El objetivo del presente estudio fue analizar la frecuencia, la mediana de tiempo y los factores relacionados con la reincorporación al trabajo de pacientes con cáncer de mama, después del diagnóstico y finalización del tratamiento en un centro de derivación oncológica en la ciudad de Medellín, Colombia. MÉTODOS: se realizó un estudio retrospectivo de cohortes con registros de pacientes con cáncer de mama (n = 141) de un centro de derivación oncológica.					None
4	doc97	Sociodemographic, occupational, treatment variables and prevalence of return to work were measured.		Se midieron variables sociodemográficas, ocupacionales, de tratamiento y de prevalencia de reincorporación al trabajo.					None
5	doc97	The average age at diagnosis was 45.8 ± 9 years, Most of the women were premenopausal,and 45% performed manual labour.		La edad promedio en el momento del diagnóstico era de 45,8 ± 9 años, la mayoría de las mujeres eran premenopáusicas y el 45 % realizaban trabajos manuales.					None
6	doc97	Advanced disease stage, manual labour, the presence of lymphedema and a greater number of episodes and days of disability werenegatively related to return to work.		El estadio avanzado de la enfermedad, el trabajo manual, la presencia de linfedema y una mayor cantidad de episodios y días de incapacidad se relacionaron de manera negativa con la reincorporación al trabajo.					None
7	doc97	A total of 93% of patients returned to work.		Un total del 93 % de las pacientes volvieron a trabajar.					None
8	doc97	This study shows that return to work differs according to disease stage, treatment-related factors and type of work.		Este estudio muestra que la reincorporación al trabajo difiere según el estadio de la enfermedad, los factores relacionados con el tratamiento y el tipo de trabajo.					None
1	doc98	In the last decades, only few improvements have been made in the comprehension of bladder cancer tumor leading to few improvements in the development of new diagnostic and therapeutic approaches.		En las últimas décadas, solo se han logrado pocas mejoras en la comprensión de los tumores de cáncer de vejiga, lo que conduce a pocas mejoras en el desarrollo de nuevos abordajes diagnósticos y terapéuticos.					None
2	doc98	However, in the last years several step forwards in the field of precision medicine have been made.		Sin embargo, en los últimos años se ha avanzado bastante en el campo de la Medicina de Precisión.		Sin embargo, en los últimos años se ha avanzado bastante en el campo de la <tag>Medicina de Precisión.</tag>	Linguistic Conventions - Punctuation	Neutral	None
3	doc98	In this review we focused on some of these elements such as the available biomarkers, the role of enhanced transurethral resection of the bladder and the role of the molecular classification in defining prognosis and therapeutic approaches in bladder cancer patients.		En esta revisión nos enfocamos en algunos de estos elementos, como los biomarcadores disponibles, el papel de la resección transuretral mejorada de la vejiga y el papel de la clasificación molecular en la definición del pronóstico y los abordajes terapéuticos en pacientes con cáncer de vejiga.		En esta <tag>revisión</tag> nos enfocamos en algunos de estos elementos, como los biomarcadores disponibles, el papel de la resección transuretral mejorada de la vejiga y el papel de la clasificación molecular en la definición del pronóstico y los abordajes terapéuticos en pacientes con cáncer de vejiga.	Terminology - Wrong term	Neutral	None
4	doc98	Although several progresses have been made, at the time none of the existing biomarkers appear to be able to safely avoid the need of cystoscopy during the follow up of bladder cancer patients.		Si bien se han realizado varios avances, en este momento ninguno de los biomarcadores existentes parece poder evitar de forma segura la necesidad de realizar una cistoscopia durante el seguimiento de los pacientes con cáncer de vejiga.					None
5	doc98	However, these biomarkers representan important tool to follow up patients with a less invasive methods and in the near future might be able to substitute the need of cystoscopy.		Sin embargo, estos biomarcadores representan una herramienta importante para el seguimiento de los pacientes con métodos menos invasivos y, en un futuro próximo, podrían sustituir a la cistoscopia.					None
6	doc98	Enhanced transurethral resection technique can in some cases reduce the risk of recurrence during follow up, although its impact on survival outcomes is still under debate.		La técnica de resección transuretral mejorada puede reducir en algunos casos el riesgo de recurrencia durante el seguimiento, aunque su impacto en los resultados de supervivencia sigue siendo objeto de debate.					None
7	doc98	Transurethral resection of the bladder represents a fundamental diagnostic and therapeutic step in the management of bladder cancer and these techniques can successfully improve its outcomes.		La resección transuretral de la vejiga representa un paso fundamental en el diagnóstico y el tratamiento del cáncer de vejiga, y estas técnicas pueden mejorar con éxito sus resultados.					None
8	doc98	Finally, the molecular classification of the bladder cancer represents one of the most exciting novelty in this field, improving consistently the knowledge of bladder cancer.		Por último, la clasificación molecular del cáncer de vejiga representa una de las novedades más interesantes en este campo, ya que amplía constantemente el conocimiento sobre el cáncer de vejiga.					None
9	doc98	Improvements regarding prognoses and therapeutics can be achieved although data stil need validation.		Se pueden lograr mejoras con respecto al pronóstico y el tratamiento, aunque los datos aún necesitan validación.					None
1	doc99	Compared to higher-income couples, low-income couples experience higher rates of relationship disruption, including divorce and breakup of cohabiting relationships.		En las parejas de bajos ingresos, las tasas de alteración de la relación, como el divorcio y la ruptura de relaciones de cohabitación, son más altas con respecto a las parejas de mayores ingresos.					None
2	doc99	In recognition of this disparity in relationship outcomes, relationship interventions have increasingly been targeted at this population.		Teniendo en cuenta esta disparidad en los desenlaces de las relaciones, las intervenciones de relaciones están dirigidas cada vez más a esta población.					None
3	doc99	However, these interventions have had limited impacts on the relationships of low-income couples.		Sin embargo, estas intervenciones no han tenido mucho impacto en las relaciones de las parejas de bajos ingresos.					None
4	doc99	Developing interventions that are effective and responsive to the needs of low-income couples requires descriptive data on the challenges those couples perceive in their own relationships and an assessment of how their needs compare to the more affluent couples typically served by relationship interventions.		Desarrollar intervenciones que sean eficaces y respondan a las necesidades de las parejas de bajos ingresos requiere datos descriptivos sobre las dificultades que esas parejas perciben en sus propias relaciones y una evaluación de cómo sus necesidades se comparan con las de parejas de mayores ingresos a las que suelen apuntar las intervenciones de relaciones.					None
5	doc99	The current study sampled over 5,000 individuals at the time they were seeking an online relationship intervention and compared the relationship functioning and life circumstances reported by low-income individuals to that of higher-income individuals.		El estudio actual hizo un muestreo de más de 5000 personas en el momento en que buscaban una intervención de relaciones en línea y comparó el funcionamiento de la relación y las circunstancias de vida informadas por las personas de bajos ingresos con las de las personas de mayores ingresos.					None
6	doc99	Results indicate that low-income individuals seeking a relationship intervention had higher levels of relationship distress (lower relationship satisfaction, more intense primary relationship problems, and less relationship stability), and had greater levels of contextual stress (more children living at home, less likely to be employed full-time, and lower levels of perceived health).		Los resultados indican que las personas de bajos ingresos que buscaban una intervención de relaciones tenían niveles más altos de angustia en la relación (menor satisfacción con la relación, problemas más intensos en la relación primaria y menos estabilidad de la relación) y tenían mayores niveles de estrés contextual (más hijos que viven en casa, menos probabilidad de tener un empleo a tiempo completo y niveles más bajos de estado de salud percibido).					None
7	doc99	Results suggest that future interventions designed to target low-income couples, as well as practitioners working with low-income couples, should be prepared to handle higher levels of relationship distress and contextual stressors than they may typically see in more affluent couples.		Los resultados indican que las futuras intervenciones diseñadas para las parejas de bajos ingresos, así como los profesionales que trabajan con parejas de bajos ingresos, deben estar preparados para manejar mayores niveles de angustia en la relación y más factores de estrés contextuales que los que se pueden ver típicamente en parejas de mayores ingresos.					None
